,NB_ADD_SAMPLES,NB_ALL_AUTO_SAMPLES,FRAC_ALL_AUTO_SAMPLES_IN_TRAINING,SCORE_ADD_SAMPLES,AVG_CONF_ADD_SAMPLES,SCORE_ALL_AUTO_SAMPLES,AVG_CONF_ALL_AUTO_SAMPLES,ITER
0,4.0,4.0,0.00966183574879227,1.0,1.0,1.0,1.0,0.0
1,8.0,12.0,0.027777777777777776,0.875,1.0,0.9166666666666666,1.0,1.0
2,10.0,22.0,0.04867256637168142,0.8,1.0,0.8636363636363636,1.0,2.0
3,10.0,32.0,0.06779661016949153,0.9,1.0,0.875,1.0,3.0
4,10.0,42.0,0.08536585365853659,0.7,1.0,0.8333333333333334,1.0,4.0
5,10.0,52.0,0.1015625,0.7,1.0,0.8076923076923077,1.0,5.0
6,10.0,62.0,0.11654135338345865,0.7,1.0,0.7903225806451613,1.0,6.0
7,10.0,72.0,0.13043478260869565,0.6,1.0,0.7638888888888888,1.0,7.0
8,10.0,82.0,0.14335664335664336,0.9,1.0,0.7804878048780488,1.0,8.0
9,10.0,92.0,0.1554054054054054,1.0,1.0,0.8043478260869565,1.0,9.0
10,10.0,102.0,0.16666666666666666,0.6,1.0,0.7843137254901961,1.0,10.0
11,10.0,112.0,0.17721518987341772,0.8,1.0,0.7857142857142857,1.0,11.0
12,10.0,122.0,0.18711656441717792,0.7,1.0,0.7786885245901639,1.0,12.0
13,10.0,132.0,0.19642857142857145,0.8,1.0,0.7803030303030303,1.0,13.0
14,10.0,142.0,0.2052023121387284,0.8,1.0,0.7816901408450704,1.0,14.0
15,10.0,152.0,0.21348314606741567,0.5,1.0,0.7631578947368421,1.0,15.0
16,10.0,162.0,0.22131147540983606,0.8,1.0,0.7654320987654321,1.0,16.0
17,10.0,172.0,0.22872340425531915,1.0,1.0,0.7790697674418605,1.0,17.0
18,10.0,182.0,0.2357512953367876,0.8,1.0,0.7802197802197802,1.0,18.0
19,10.0,192.0,0.2424242424242425,1.0,1.0,0.7916666666666666,1.0,19.0
20,10.0,202.0,0.24876847290640394,0.9,1.0,0.7970297029702971,1.0,20.0
21,10.0,212.0,0.2548076923076923,0.7,1.0,0.7924528301886793,1.0,21.0
22,10.0,222.0,0.2605633802816901,0.6,1.0,0.7837837837837838,1.0,22.0
23,10.0,232.0,0.26605504587155965,0.6,1.0,0.7758620689655172,1.0,23.0
24,10.0,242.0,0.2713004484304933,0.3,1.0,0.756198347107438,1.0,24.0
25,10.0,252.0,0.27631578947368424,0.6,1.0,0.75,1.0,25.0
26,10.0,262.0,0.2811158798283262,0.8,1.0,0.7519083969465649,1.0,26.0
27,10.0,272.0,0.2857142857142857,0.8,1.0,0.7536764705882353,1.0,27.0
28,10.0,282.0,0.2901234567901235,0.6,1.0,0.74822695035461,1.0,28.0
29,10.0,292.0,0.29435483870967744,0.8,1.0,0.75,1.0,29.0
30,10.0,302.0,0.2984189723320158,0.8,1.0,0.7516556291390728,1.0,30.0
31,10.0,312.0,0.3023255813953488,0.6,1.0,0.7467948717948718,1.0,31.0
32,10.0,322.0,0.3060836501901141,0.9,1.0,0.7515527950310559,1.0,32.0
33,10.0,332.0,0.30970149253731344,0.6,1.0,0.7469879518072289,1.0,33.0
34,10.0,342.0,0.3131868131868132,0.7,1.0,0.7456140350877193,1.0,34.0
35,10.0,352.0,0.31654676258992803,0.2,1.0,0.7301136363636364,1.0,35.0
36,10.0,362.0,0.3197879858657244,0.6,1.0,0.7265193370165746,1.0,36.0
37,10.0,372.0,0.3229166666666667,0.3,1.0,0.7150537634408602,1.0,37.0
38,10.0,382.0,0.32593856655290104,0.5,1.0,0.7094240837696335,1.0,38.0
39,10.0,392.0,0.3288590604026846,0.4,1.0,0.7015306122448979,1.0,39.0
40,10.0,402.0,0.3316831683168317,0.7,1.0,0.7014925373134329,1.0,40.0
41,10.0,412.0,0.3344155844155844,0.7,1.0,0.7014563106796117,1.0,41.0
42,10.0,422.0,0.3370607028753993,0.6,1.0,0.6990521327014217,1.0,42.0
43,10.0,432.0,0.33962264150943394,0.5,1.0,0.6944444444444444,1.0,43.0
44,10.0,442.0,0.34210526315789475,0.5,1.0,0.6900452488687783,1.0,44.0
45,10.0,452.0,0.3445121951219512,0.2,1.0,0.6792035398230089,1.0,45.0
46,10.0,462.0,0.3468468468468469,0.3,1.0,0.670995670995671,1.0,46.0
47,10.0,472.0,0.34911242603550297,0.8,1.0,0.673728813559322,1.0,47.0
48,10.0,482.0,0.3513119533527697,0.4,1.0,0.6680497925311203,1.0,48.0
49,10.0,492.0,0.3534482758620689,0.7,1.0,0.6686991869918699,1.0,49.0
50,10.0,502.0,0.3555240793201133,0.2,1.0,0.6593625498007968,1.0,50.0
51,10.0,512.0,0.3575418994413408,0.5,1.0,0.65625,1.0,51.0
52,10.0,522.0,0.359504132231405,0.5,1.0,0.6532567049808429,1.0,52.0
53,10.0,532.0,0.3614130434782609,0.5,1.0,0.650375939849624,1.0,53.0
54,10.0,542.0,0.3632707774798928,0.6,1.0,0.6494464944649446,1.0,54.0
55,10.0,552.0,0.36507936507936506,0.3,1.0,0.6431159420289855,1.0,55.0
56,10.0,562.0,0.3668407310704961,0.6,1.0,0.6423487544483986,1.0,56.0
57,10.0,572.0,0.3685567010309279,0.5,1.0,0.6398601398601399,1.0,57.0
58,10.0,582.0,0.3702290076335878,0.7,1.0,0.6408934707903781,1.0,58.0
59,10.0,592.0,0.3718592964824121,0.5,1.0,0.6385135135135135,1.0,59.0
60,10.0,602.0,0.3734491315136477,0.6,1.0,0.6378737541528239,1.0,60.0
61,10.0,612.0,0.375,0.5,1.0,0.6356209150326797,1.0,61.0
62,10.0,622.0,0.3765133171912833,0.5,1.0,0.6334405144694534,1.0,62.0
63,10.0,632.0,0.3779904306220096,0.4,1.0,0.629746835443038,1.0,63.0
64,10.0,642.0,0.3794326241134752,0.6,1.0,0.6292834890965732,1.0,64.0
65,10.0,652.0,0.3808411214953271,0.5,1.0,0.6273006134969326,1.0,65.0
66,10.0,662.0,0.3822170900692841,0.6,1.0,0.6268882175226587,1.0,66.0
67,10.0,672.0,0.3835616438356164,0.8,1.0,0.6294642857142857,1.0,67.0
68,10.0,682.0,0.3848758465011287,1.0,1.0,0.6348973607038123,1.0,68.0
69,10.0,692.0,0.3861607142857143,0.6,1.0,0.634393063583815,1.0,69.0
70,10.0,702.0,0.3874172185430464,1.0,1.0,0.6396011396011396,1.0,70.0
71,10.0,712.0,0.3886462882096071,1.0,1.0,0.6446629213483146,1.0,71.0
72,10.0,722.0,0.3898488120950324,1.0,1.0,0.6495844875346259,1.0,72.0
73,10.0,732.0,0.39102564102564097,0.8,1.0,0.6516393442622951,1.0,73.0
74,10.0,742.0,0.3921775898520085,0.8,1.0,0.6536388140161725,1.0,74.0
75,10.0,752.0,0.393305439330544,0.8,1.0,0.6555851063829787,1.0,75.0
76,10.0,762.0,0.3944099378881988,1.0,1.0,0.6601049868766404,1.0,76.0
77,10.0,772.0,0.39549180327868855,1.0,1.0,0.6645077720207254,1.0,77.0
78,10.0,782.0,0.3965517241379311,1.0,1.0,0.6687979539641944,1.0,78.0
79,10.0,792.0,0.3975903614457832,0.8,1.0,0.6704545454545454,1.0,79.0
80,10.0,802.0,0.3986083499005964,0.9,1.0,0.6733167082294265,1.0,80.0
81,10.0,812.0,0.3996062992125984,1.0,1.0,0.6773399014778325,1.0,81.0
82,10.0,822.0,0.40058479532163743,0.8,1.0,0.6788321167883211,1.0,82.0
83,10.0,832.0,0.4015444015444015,1.0,1.0,0.6826923076923077,1.0,83.0
84,10.0,842.0,0.4024856596558317,0.7,1.0,0.6828978622327792,1.0,84.0
85,10.0,852.0,0.4034090909090909,0.8,1.0,0.6842723004694836,1.0,85.0
86,10.0,862.0,0.4043151969981239,1.0,1.0,0.6879350348027842,1.0,86.0
87,10.0,872.0,0.4052044609665427,0.7,1.0,0.6880733944954128,1.0,87.0
88,10.0,882.0,0.4060773480662984,0.9,1.0,0.6904761904761905,1.0,88.0
89,10.0,892.0,0.40693430656934304,0.9,1.0,0.6928251121076233,1.0,89.0
90,10.0,902.0,0.4077757685352622,1.0,1.0,0.6962305986696231,1.0,90.0
91,10.0,912.0,0.4086021505376344,1.0,1.0,0.6995614035087719,1.0,91.0
92,10.0,922.0,0.40941385435168737,0.6,1.0,0.6984815618221258,1.0,92.0
93,10.0,932.0,0.4102112676056338,0.9,1.0,0.7006437768240343,1.0,93.0
94,10.0,942.0,0.4109947643979058,0.7,1.0,0.7006369426751592,1.0,94.0
95,10.0,952.0,0.4117647058823529,0.8,1.0,0.7016806722689075,1.0,95.0
96,10.0,962.0,0.4125214408233276,0.8,1.0,0.7027027027027027,1.0,96.0
97,10.0,972.0,0.41326530612244894,0.8,1.0,0.7037037037037037,1.0,97.0
98,10.0,982.0,0.4139966273187184,0.9,1.0,0.7057026476578412,1.0,98.0
99,10.0,992.0,0.4147157190635452,1.0,1.0,0.7086693548387096,1.0,99.0
100,10.0,1002.0,0.4154228855721393,0.7,1.0,0.7085828343313373,1.0,100.0
101,10.0,1012.0,0.4161184210526316,0.7,1.0,0.708498023715415,1.0,100.0
102,10.0,1022.0,0.4168026101141925,0.7,1.0,0.7084148727984344,1.0,101.0
103,10.0,1032.0,0.4174757281553398,0.4,1.0,0.7054263565891473,1.0,102.0
104,10.0,1042.0,0.41813804173354735,0.4,1.0,0.7024952015355086,1.0,103.0
105,10.0,1052.0,0.4187898089171975,0.5,1.0,0.7005703422053232,1.0,104.0
106,10.0,1062.0,0.4194312796208531,0.2,1.0,0.6958568738229756,1.0,105.0
107,10.0,1072.0,0.4200626959247649,0.0,1.0,0.6893656716417911,1.0,106.0
108,10.0,1082.0,0.4206842923794713,0.3,1.0,0.6857670979667283,1.0,107.0
109,9.0,1091.0,0.4210729448089541,0.0,1.0,0.6801099908340972,1.0,108.0
110,4.0,1095.0,0.4203454894433781,0.25,1.0,0.6785388127853881,1.0,109.0
111,2.0,1097.0,0.41918226977455103,0.0,1.0,0.6773017319963537,1.0,110.0
112,1.0,1098.0,0.4178082191780822,1.0,1.0,0.6775956284153005,1.0,111.0
113,1.0,1099.0,0.4164456233421751,0.0,0.9999999999999956,0.6769790718835305,1.0,112.0
114,1.0,1100.0,0.4150943396226415,1.0,1.0,0.6772727272727272,1.0,113.0
115,1.0,1101.0,0.4137542277339346,0.0,1.0,0.6766575840145322,1.0,114.0
116,1.0,1102.0,0.4124251497005988,0.0,1.0,0.6760435571687841,1.0,115.0
117,1.0,1103.0,0.4111069698099143,0.0,1.0,0.6754306436990027,1.0,116.0
118,1.0,1104.0,0.4097995545657016,1.0,1.0,0.6757246376811594,1.0,117.0
119,1.0,1105.0,0.4085027726432533,0.0,1.0,0.6751131221719457,1.0,118.0
120,1.0,1106.0,0.4072164948453608,0.0,1.0,0.674502712477396,1.0,119.0
121,1.0,1107.0,0.405940594059406,0.0,1.0,0.6738934056007226,1.0,120.0
122,1.0,1108.0,0.40467494521548575,0.0,0.9999999999999808,0.6732851985559567,0.9999999999999998,121.0
123,1.0,1109.0,0.4034194252455439,0.0,1.0,0.6726780883678989,0.9999999999999998,122.0
124,1.0,1110.0,0.4021739130434783,1.0,1.0,0.672972972972973,0.9999999999999998,123.0
125,1.0,1111.0,0.4009382894261999,0.0,1.0,0.6723672367236724,0.9999999999999998,124.0
126,2.0,1113.0,0.3999281351060007,0.0,1.0,0.6711590296495957,0.9999999999999998,125.0
127,3.0,1116.0,0.3991416309012876,0.3333333333333333,1.0,0.6702508960573477,0.9999999999999998,126.0
128,1.0,1117.0,0.3979337370858568,0.0,0.9999999999999786,0.6696508504923904,0.9999999999999998,127.0
129,3.0,1120.0,0.3971631205673759,0.3333333333333333,1.0,0.66875,0.9999999999999998,128.0
130,4.0,1124.0,0.3966125617501765,0.25,1.0,0.6672597864768683,0.9999999999999998,129.0
131,10.0,1134.0,0.3973370707778556,0.0,1.0,0.6613756613756614,0.9999999999999998,130.0
132,10.0,1144.0,0.3980514961725818,0.0,1.0,0.6555944055944056,1.0,131.0
133,10.0,1154.0,0.39875604699378026,0.0,1.0,0.6499133448873483,1.0,132.0
134,10.0,1164.0,0.3994509265614276,0.0,1.0,0.6443298969072165,1.0,133.0
135,10.0,1174.0,0.4001363326516701,0.0,1.0,0.6388415672913118,0.9999999999999998,134.0
136,10.0,1184.0,0.4008124576844956,0.1,1.0,0.6342905405405406,0.9999999999999998,135.0
137,10.0,1194.0,0.4014794889038332,0.0,1.0,0.6289782244556114,0.9999999999999998,136.0
138,10.0,1204.0,0.4021376085504342,0.0,1.0,0.6237541528239202,1.0,137.0
139,10.0,1214.0,0.4027869940278699,0.2,1.0,0.6202635914332785,1.0,138.0
140,10.0,1224.0,0.4034278180619644,0.1,1.0,0.6160130718954249,1.0,139.0
141,10.0,1234.0,0.404060248853962,0.0,1.0,0.6110210696920584,1.0,140.0
142,10.0,1244.0,0.4046844502277163,0.1,1.0,0.6069131832797428,1.0,141.0
143,10.0,1254.0,0.40530058177116995,0.0,1.0,0.60207336523126,1.0,142.0
144,10.0,1264.0,0.4059087989723828,0.0,1.0,0.5973101265822784,1.0,143.0
145,10.0,1274.0,0.406509253350351,0.0,1.0,0.5926216640502355,0.9999999999999998,144.0
146,10.0,1284.0,0.4071020925808497,0.0,1.0,0.588006230529595,0.9999999999999998,145.0
147,10.0,1294.0,0.4076874606175173,0.0,1.0,0.5834621329211747,0.9999999999999998,146.0
148,10.0,1304.0,0.4082654978083907,0.0,1.0,0.5789877300613497,0.9999999999999998,147.0
149,10.0,1314.0,0.4088363410080896,0.0,1.0,0.5745814307458144,0.9999999999999998,148.0
150,10.0,1324.0,0.409400123685838,0.0,1.0,0.5702416918429003,0.9999999999999998,149.0
151,10.0,1334.0,0.40995697602950215,0.0,1.0,0.5659670164917541,0.9999999999999998,150.0
152,10.0,1344.0,0.4105070250458155,0.0,1.0,0.5617559523809523,0.9999999999999998,151.0
153,10.0,1354.0,0.411050394656952,0.0,1.0,0.5576070901033974,0.9999999999999998,152.0
154,10.0,1364.0,0.4115872057936029,0.0,1.0,0.5535190615835777,1.0,153.0
155,10.0,1374.0,0.41211757648470304,0.0,1.0,0.5494905385735079,1.0,154.0
156,10.0,1384.0,0.4126416219439476,0.0,1.0,0.5455202312138728,1.0,155.0
157,10.0,1394.0,0.41315945465323056,0.1,1.0,0.5423242467718795,1.0,156.0
158,10.0,1404.0,0.4136711844431349,0.0,1.0,0.5384615384615384,1.0,157.0
159,10.0,1414.0,0.4141769185705917,0.0,1.0,0.5346534653465347,1.0,158.0
160,10.0,1424.0,0.4146767617938265,0.0,1.0,0.5308988764044944,1.0,159.0
161,10.0,1434.0,0.4151708164447018,0.0,1.0,0.5271966527196653,1.0,160.0
162,10.0,1444.0,0.4156591824985608,0.0,1.0,0.5235457063711911,1.0,161.0
163,10.0,1454.0,0.41614195764167133,0.0,1.0,0.5199449793672627,1.0,162.0
164,10.0,1464.0,0.4166192373363688,0.0,1.0,0.5163934426229508,1.0,163.0
165,10.0,1474.0,0.41709111488398415,0.0,1.0,0.5128900949796472,1.0,164.0
166,10.0,1484.0,0.41755768148565003,0.0,1.0,0.5094339622641509,1.0,165.0
167,10.0,1494.0,0.4180190263010633,0.0,1.0,0.5060240963855421,1.0,166.0
168,10.0,1504.0,0.41847523650528656,0.0,1.0,0.5026595744680851,1.0,167.0
169,10.0,1514.0,0.4189263973436636,0.1,1.0,0.5,1.0,168.0
170,10.0,1524.0,0.4193725921849202,0.2,1.0,0.4980314960629921,1.0,169.0
171,10.0,1534.0,0.4198139025725233,0.0,1.0,0.4947848761408084,1.0,170.0
172,10.0,1544.0,0.4202504082743604,0.0,1.0,0.491580310880829,1.0,171.0
173,6.0,1550.0,0.42005420054200543,0.0,1.0,0.4896774193548387,1.0,172.0
174,4.0,1554.0,0.4195464362850972,0.0,1.0,0.4884169884169885,1.0,173.0
175,3.0,1557.0,0.4188861985472155,0.0,1.0,0.48747591522158,1.0,174.0
176,4.0,1561.0,0.4183864915572232,0.0,1.0,0.4862267777065983,1.0,175.0
177,1.0,1562.0,0.4174238375200428,0.0,1.0,0.4859154929577465,1.0,176.0
178,1.0,1563.0,0.416466826538769,0.0,0.9999999999999936,0.4856046065259117,1.0,177.0
179,1.0,1564.0,0.4155154091392136,0.0,1.0,0.4852941176470588,1.0,178.0
180,1.0,1565.0,0.4145695364238409,1.0,0.9999999999999932,0.4856230031948882,1.0,179.0
181,1.0,1566.0,0.41362916006339145,0.0,1.0,0.4853128991060026,1.0,180.0
182,1.0,1567.0,0.4126942322886489,0.0,1.0,0.4850031908104658,1.0,181.0
183,1.0,1568.0,0.4117647058823529,0.0,1.0,0.4846938775510204,1.0,182.0
184,1.0,1569.0,0.410840534171249,0.0,1.0,0.4843849585723391,1.0,183.0
185,1.0,1570.0,0.4099216710182768,0.0,1.0,0.4840764331210191,1.0,184.0
186,1.0,1571.0,0.4090080708148919,0.0,1.0,0.4837683004455761,1.0,185.0
187,1.0,1572.0,0.40809968847352013,0.0,1.0,0.4834605597964377,1.0,186.0
188,1.0,1573.0,0.4071964794201398,1.0,0.9999999999999876,0.4837889383343929,1.0,187.0
189,1.0,1574.0,0.4062983995869902,0.0,1.0,0.4834815756035578,1.0,188.0
190,1.0,1575.0,0.40540540540540543,0.0,1.0,0.4831746031746032,1.0,189.0
191,1.0,1576.0,0.404517453798768,0.0,1.0,0.4828680203045686,1.0,190.0
192,1.0,1577.0,0.4036345021755823,0.0,1.0,0.4825618262523779,1.0,191.0
193,1.0,1578.0,0.40275650842266464,0.0,1.0,0.482256020278834,1.0,192.0
194,1.0,1579.0,0.40188343089844747,0.0,1.0,0.4819506016466118,1.0,193.0
195,1.0,1580.0,0.4010152284263959,0.0,1.0,0.4816455696202532,1.0,194.0
196,1.0,1581.0,0.40015186028853456,1.0,1.0,0.4819734345351044,1.0,195.0
197,1.0,1582.0,0.3992932862190813,0.0,1.0,0.481668773704172,1.0,196.0
198,3.0,1585.0,0.3987421383647799,0.0,1.0,0.4807570977917981,1.0,197.0
199,1.0,1586.0,0.3978926241846463,0.0,1.0,0.480453972257251,1.0,198.0
200,1.0,1587.0,0.3970477858393796,0.0,1.0,0.4801512287334593,1.0,199.0
201,1.0,1588.0,0.3962075848303393,0.0,1.0,0.4798488664987405,1.0,200.0
202,1.0,1589.0,0.39537198308036825,0.0,0.9999999999999944,0.47954688483322844,0.9999999999999999,200.0
203,2.0,1591.0,0.3946911436368147,0.0,1.0,0.47894406033940917,0.9999999999999999,201.0
204,1.0,1592.0,0.3938644235526967,0.0,1.0,0.478643216080402,0.9999999999999999,202.0
205,1.0,1593.0,0.3930421909696521,0.0,1.0,0.4783427495291902,0.9999999999999999,203.0
206,1.0,1594.0,0.3922244094488189,0.0,1.0,0.4780426599749059,0.9999999999999999,204.0
207,1.0,1595.0,0.3914110429447853,1.0,1.0,0.47836990595611284,0.9999999999999999,205.0
208,1.0,1596.0,0.39060205580029367,0.0,1.0,0.4780701754385965,0.9999999999999999,206.0
209,1.0,1597.0,0.38979741274103,0.0,1.0,0.4777708202880401,0.9999999999999999,207.0
210,1.0,1598.0,0.3889970788704966,0.0,1.0,0.47747183979974966,0.9999999999999999,208.0
211,1.0,1599.0,0.38820101966496723,0.0,1.0,0.47717323327079425,0.9999999999999999,209.0
212,1.0,1600.0,0.387409200968523,0.0,0.9999999999999911,0.476875,0.9999999999999999,210.0
213,3.0,1603.0,0.3869176924933623,0.3333333333333333,1.0,0.47660636306924514,0.9999999999999999,211.0
214,1.0,1604.0,0.3861338468945595,0.0,1.0,0.4763092269326683,0.9999999999999999,212.0
215,1.0,1605.0,0.38535414165666265,0.0,1.0,0.47601246105919004,0.9999999999999999,213.0
216,1.0,1606.0,0.3845785440613027,0.0,0.9999999999999918,0.47571606475716066,0.9999999999999999,214.0
217,1.0,1607.0,0.3838070217339384,0.0,1.0,0.47542003733665217,0.9999999999999999,215.0
218,1.0,1608.0,0.3830395426393521,0.0,1.0,0.47512437810945274,0.9999999999999999,216.0
219,1.0,1609.0,0.3822760750772155,1.0,1.0,0.4754505904288378,0.9999999999999999,217.0
220,1.0,1610.0,0.3815165876777251,0.0,1.0,0.4751552795031056,0.9999999999999999,218.0
221,1.0,1611.0,0.3807610493973056,0.0,1.0,0.4748603351955307,0.9999999999999999,219.0
222,1.0,1612.0,0.38000942951438,0.0,1.0,0.47456575682382135,0.9999999999999999,220.0
223,1.0,1613.0,0.37926169762520573,0.0,1.0,0.47427154370737756,0.9999999999999999,221.0
224,1.0,1614.0,0.3785178236397749,0.0,1.0,0.4739776951672863,0.9999999999999999,222.0
225,1.0,1615.0,0.37777777777777777,0.0,0.9999999999999725,0.47368421052631576,0.9999999999999999,223.0
226,1.0,1616.0,0.377041530564629,1.0,1.0,0.474009900990099,0.9999999999999997,224.0
227,1.0,1617.0,0.3763090528275541,1.0,1.0,0.4743351886209029,0.9999999999999997,225.0
228,1.0,1618.0,0.3755803156917363,1.0,1.0,0.4746600741656366,0.9999999999999997,226.0
229,1.0,1619.0,0.37485529057652234,1.0,1.0,0.4749845583693638,0.9999999999999997,227.0
230,2.0,1621.0,0.37427845763103207,0.5,1.0,0.47501542257865514,0.9999999999999997,228.0
231,1.0,1622.0,0.37356057116536157,0.0,1.0,0.4747225647348952,0.9999999999999997,229.0
232,1.0,1623.0,0.3728463128876637,0.0,0.9999999999999645,0.47443006777572394,0.9999999999999997,230.0
233,1.0,1624.0,0.3721356553620532,0.0,1.0,0.47413793103448276,0.9999999999999997,231.0
234,1.0,1625.0,0.37142857142857144,0.0,1.0,0.47384615384615386,0.9999999999999997,232.0
235,1.0,1626.0,0.3707250341997264,0.0,0.9999999999999887,0.4735547355473555,0.9999999999999997,233.0
236,1.0,1627.0,0.37002501705708435,0.0,1.0,0.4732636754763368,0.9999999999999997,234.0
237,1.0,1628.0,0.36932849364791287,1.0,0.9999999999999978,0.4735872235872236,0.9999999999999997,235.0
238,1.0,1629.0,0.36863543788187375,1.0,0.9999999999999953,0.47391037446286066,0.9999999999999997,236.0
239,1.0,1630.0,0.36794582392776526,1.0,1.0,0.4742331288343558,0.9999999999999997,237.0
240,1.0,1631.0,0.367259626210313,0.0,1.0,0.4739423666462293,0.9999999999999997,238.0
241,1.0,1632.0,0.3665768194070081,0.0,1.0,0.4736519607843137,0.9999999999999997,239.0
242,1.0,1633.0,0.36589737844499215,0.0,1.0,0.4733619105939988,0.9999999999999997,240.0
243,2.0,1635.0,0.3653631284916201,0.0,1.0,0.472782874617737,0.9999999999999997,241.0
244,2.0,1637.0,0.3648317361265879,0.5,1.0,0.47281612706169823,0.9999999999999997,242.0
245,1.0,1638.0,0.36416184971098264,0.0,1.0,0.4725274725274725,0.9999999999999997,243.0
246,2.0,1640.0,0.36363636363636365,0.0,1.0,0.4719512195121951,0.9999999999999998,244.0
247,1.0,1641.0,0.36297279362972795,1.0,1.0,0.47227300426569163,0.9999999999999998,245.0
248,1.0,1642.0,0.3623124448367167,0.0,0.9999999999999718,0.47198538367844095,0.9999999999999998,246.0
249,3.0,1645.0,0.3619361936193619,0.0,1.0,0.47112462006079026,0.9999999999999998,247.0
250,1.0,1646.0,0.3612818261633011,0.0,1.0,0.47083839611178613,0.9999999999999998,248.0
251,1.0,1647.0,0.36063061090431353,0.0,0.9999999999999909,0.4705525197328476,0.9999999999999998,249.0
252,1.0,1648.0,0.3599825251201398,0.0,0.9999999999999862,0.4702669902912621,0.9999999999999998,250.0
253,1.0,1649.0,0.3593375463063848,0.0,0.999999999999988,0.469981807155852,0.9999999999999998,251.0
254,1.0,1650.0,0.358695652173913,0.0,1.0,0.4696969696969697,0.9999999999999998,252.0
255,1.0,1651.0,0.35805682064628064,0.0,1.0,0.46941247728649305,0.9999999999999998,253.0
256,1.0,1652.0,0.3574210298572047,0.0,1.0,0.46912832929782083,0.9999999999999998,254.0
257,1.0,1653.0,0.3567882581480682,0.0,1.0,0.4688445251058681,0.9999999999999998,255.0
258,1.0,1654.0,0.3561584840654608,0.0,1.0,0.46856106408706166,0.9999999999999998,256.0
259,1.0,1655.0,0.35553168635875404,0.0,1.0,0.46827794561933533,0.9999999999999998,257.0
260,1.0,1656.0,0.3549078439777111,0.0,1.0,0.46799516908212563,0.9999999999999998,258.0
261,1.0,1657.0,0.3542869360701304,0.0,1.0,0.4677127338563669,0.9999999999999996,259.0
262,1.0,1658.0,0.3536689419795222,0.0,0.999999999999972,0.4674306393244873,0.9999999999999994,260.0
263,1.0,1659.0,0.35305384124281763,0.0,1.0,0.46714888487040385,0.9999999999999994,261.0
264,1.0,1660.0,0.3524416135881104,0.0,1.0,0.46686746987951805,0.9999999999999994,262.0
265,1.0,1661.0,0.3518322389324296,0.0,1.0,0.46658639373871164,0.9999999999999994,263.0
266,1.0,1662.0,0.3512256973795435,0.0,1.0,0.46630565583634176,0.9999999999999994,264.0
267,1.0,1663.0,0.35062196921779465,0.0,1.0,0.4660252555622369,0.9999999999999994,265.0
268,1.0,1664.0,0.3500210349179638,0.0,1.0,0.4657451923076923,0.9999999999999996,266.0
269,1.0,1665.0,0.34942287513116477,0.0,1.0,0.46546546546546547,0.9999999999999996,267.0
270,1.0,1666.0,0.34882747068676717,0.0,1.0,0.4651860744297719,0.9999999999999996,268.0
271,1.0,1667.0,0.34823480259034884,0.0,1.0,0.46490701859628075,0.9999999999999996,269.0
272,1.0,1668.0,0.3476448520216757,0.0,1.0,0.4646282973621103,0.9999999999999994,270.0
273,1.0,1669.0,0.3470576003327095,0.0,1.0,0.46434991012582383,0.9999999999999994,271.0
274,3.0,1672.0,0.346744089589382,0.0,1.0,0.46351674641148327,0.9999999999999994,272.0
275,1.0,1673.0,0.3461618042623629,0.0,1.0,0.4632396891811118,0.9999999999999994,273.0
276,2.0,1675.0,0.3457172342621259,0.0,1.0,0.4626865671641791,0.9999999999999994,274.0
277,1.0,1676.0,0.34514003294892914,0.0,0.9999999999999785,0.46241050119331745,0.9999999999999994,275.0
278,1.0,1677.0,0.34456544072323814,0.0,1.0,0.46213476446034585,0.9999999999999994,276.0
279,4.0,1681.0,0.34439664003278014,0.0,1.0,0.46103509815585964,0.9999999999999994,277.0
280,3.0,1684.0,0.3440948099713935,0.0,1.0,0.46021377672209024,0.9999999999999994,278.0
281,2.0,1686.0,0.34366082348145127,0.0,1.0,0.4596678529062871,0.9999999999999994,279.0
282,1.0,1687.0,0.3430953833638397,0.0,1.0,0.4593953764078245,0.9999999999999994,280.0
283,1.0,1688.0,0.3425324675324675,0.0,1.0,0.4591232227488152,0.9999999999999994,281.0
284,1.0,1689.0,0.3419720591212796,0.0,1.0,0.45885139135583186,0.9999999999999994,282.0
285,1.0,1690.0,0.3414141414141414,0.0,1.0,0.45857988165680474,0.9999999999999994,283.0
286,3.0,1693.0,0.34112431996776144,0.0,1.0,0.45776727702303605,0.9999999999999994,284.0
287,7.0,1700.0,0.3413654618473896,0.0,1.0,0.45588235294117646,0.9999999999999996,285.0
288,3.0,1703.0,0.3410775085119167,0.0,1.0,0.455079271873165,0.9999999999999996,286.0
289,7.0,1710.0,0.3413173652694611,0.0,1.0,0.45321637426900585,0.9999999999999996,287.0
290,4.0,1714.0,0.3411624203821656,0.0,1.0,0.45215869311551926,0.9999999999999994,288.0
291,1.0,1715.0,0.34061569016881826,0.0,1.0,0.4518950437317784,0.9999999999999994,289.0
292,1.0,1716.0,0.3400713436385256,0.0,1.0,0.45163170163170163,0.9999999999999994,290.0
293,1.0,1717.0,0.3395293652363061,0.0,1.0,0.45136866627839256,0.9999999999999994,291.0
294,1.0,1718.0,0.3389897395422257,0.0,1.0,0.4511059371362049,0.9999999999999994,292.0
295,1.0,1719.0,0.338452451269935,1.0,0.9999999999999756,0.4514252472367656,0.9999999999999994,293.0
296,1.0,1720.0,0.3379174852652259,0.0,1.0,0.4511627906976744,0.9999999999999994,294.0
297,1.0,1721.0,0.33738482650460694,0.0,1.0,0.45090063916327716,0.9999999999999994,295.0
298,1.0,1722.0,0.3368544600938967,0.0,1.0,0.45063879210220675,0.9999999999999994,296.0
299,1.0,1723.0,0.33632637126683584,1.0,1.0,0.4509576320371445,0.9999999999999994,297.0
300,1.0,1724.0,0.3358005453837164,1.0,1.0,0.45127610208816704,0.9999999999999994,298.0
301,1.0,1725.0,0.33527696793002915,1.0,1.0,0.45159420289855073,0.9999999999999994,299.0
302,3.0,1728.0,0.3350135711516091,1.0,1.0,0.4525462962962963,0.9999999999999994,300.0
303,10.0,1738.0,0.33565083043646193,1.0,1.0,0.45569620253164556,0.9999999999999994,301.0
304,10.0,1748.0,0.336283185840708,0.9,1.0,0.4582379862700229,0.9999999999999994,302.0
305,10.0,1758.0,0.3369106937523956,0.7,1.0,0.459613196814562,0.9999999999999994,303.0
306,10.0,1768.0,0.33753340969835816,0.8,1.0,0.46153846153846156,0.9999999999999994,304.0
307,10.0,1778.0,0.3381513883605934,0.7,1.0,0.4628796400449944,0.9999999999999994,305.0
308,10.0,1788.0,0.3387646835922698,0.5,1.0,0.46308724832214765,0.9999999999999997,306.0
309,10.0,1798.0,0.3393733484333711,0.8,1.0,0.4649610678531702,0.9999999999999994,307.0
310,7.0,1805.0,0.3396048918156162,0.5714285714285714,1.0,0.46537396121883656,0.9999999999999994,308.0
311,5.0,1810.0,0.3395872420262664,0.6,1.0,0.46574585635359117,0.9999999999999994,309.0
312,1.0,1811.0,0.33907507957311367,1.0,1.0,0.46604086140254003,0.9999999999999994,310.0
313,1.0,1812.0,0.33856502242152464,0.0,1.0,0.46578366445916114,0.9999999999999994,311.0
314,1.0,1813.0,0.3380570576170054,1.0,0.9999999999999905,0.46607832322118037,0.9999999999999994,312.0
315,1.0,1814.0,0.33755117231112763,1.0,1.0,0.4663726571113561,0.9999999999999994,313.0
316,1.0,1815.0,0.3370473537604457,1.0,1.0,0.4666666666666667,0.9999999999999994,314.0
317,1.0,1816.0,0.3365455893254262,1.0,0.9999999999999987,0.4669603524229075,0.9999999999999994,315.0
318,1.0,1817.0,0.33604586646939155,1.0,1.0,0.46725371491469453,0.9999999999999994,316.0
319,1.0,1818.0,0.33554817275747506,0.0,0.9999999999999925,0.466996699669967,0.9999999999999994,317.0
320,1.0,1819.0,0.3350524958555903,1.0,1.0,0.4672897196261682,0.9999999999999994,318.0
321,1.0,1820.0,0.33455882352941174,1.0,1.0,0.4675824175824176,0.9999999999999994,319.0
322,1.0,1821.0,0.3340671436433682,1.0,1.0,0.46787479406919275,0.9999999999999996,320.0
323,1.0,1822.0,0.33357744415964846,1.0,1.0,0.4681668496158068,0.9999999999999996,321.0
324,1.0,1823.0,0.3330897131372191,0.0,1.0,0.46791003839824463,0.9999999999999996,322.0
325,1.0,1824.0,0.33260393873085337,0.0,1.0,0.46765350877192985,0.9999999999999996,323.0
326,1.0,1825.0,0.3321201091901729,1.0,1.0,0.46794520547945206,0.9999999999999996,324.0
327,1.0,1826.0,0.3316382128586996,1.0,1.0,0.46823658269441404,0.9999999999999996,325.0
328,1.0,1827.0,0.33115823817292006,1.0,1.0,0.46852764094143406,0.9999999999999996,326.0
329,1.0,1828.0,0.3306801736613603,0.0,1.0,0.4682713347921225,0.9999999999999996,327.0
330,1.0,1829.0,0.33020400794367216,0.0,1.0,0.46801530891197374,0.9999999999999996,328.0
331,1.0,1830.0,0.32972972972972975,0.0,0.9999999999999987,0.46775956284153003,0.9999999999999996,329.0
332,1.0,1831.0,0.3292573278187376,1.0,1.0,0.4680502457673403,0.9999999999999996,330.0
333,1.0,1832.0,0.3287867910983489,0.0,1.0,0.46779475982532753,0.9999999999999996,331.0
334,1.0,1833.0,0.3283181085437937,0.0,1.0,0.4675395526459356,0.9999999999999996,332.0
335,1.0,1834.0,0.32785126921701824,0.0,0.9999999999999918,0.46728462377317337,0.9999999999999996,333.0
336,1.0,1835.0,0.32738626226583406,0.0,1.0,0.4670299727520436,0.9999999999999996,334.0
337,1.0,1836.0,0.3269230769230769,0.0,1.0,0.46677559912854033,0.9999999999999996,335.0
338,1.0,1837.0,0.3264617025057757,0.0,1.0,0.4665215024496462,0.9999999999999996,336.0
339,1.0,1838.0,0.32600212841433135,1.0,1.0,0.46681175190424373,0.9999999999999996,337.0
340,1.0,1839.0,0.32554434413170474,0.0,0.9999999999999958,0.466557911908646,0.9999999999999996,338.0
341,1.0,1840.0,0.3250883392226148,0.0,1.0,0.46630434782608693,0.9999999999999996,339.0
342,1.0,1841.0,0.32463410333274556,1.0,1.0,0.4665942422596415,0.9999999999999996,340.0
343,1.0,1842.0,0.324181626187962,1.0,1.0,0.46688382193268185,0.9999999999999996,341.0
344,1.0,1843.0,0.3237308975935359,1.0,1.0,0.4671730873575692,0.9999999999999996,342.0
345,1.0,1844.0,0.3232819074333801,1.0,1.0,0.46746203904555317,0.9999999999999996,343.0
346,1.0,1845.0,0.3228346456692913,0.0,1.0,0.46720867208672084,0.9999999999999996,344.0
347,1.0,1846.0,0.32238910234020257,1.0,0.9999999999999978,0.4674972914409534,0.9999999999999996,345.0
348,1.0,1847.0,0.32194526756144326,0.0,0.999999999999992,0.4672441797509475,0.9999999999999996,346.0
349,1.0,1848.0,0.32150313152400833,0.0,1.0,0.466991341991342,0.9999999999999996,347.0
350,1.0,1849.0,0.32106268449383574,0.0,1.0,0.46673877771768524,0.9999999999999996,348.0
351,1.0,1850.0,0.32062391681109187,0.0,1.0,0.4664864864864865,0.9999999999999996,349.0
352,1.0,1851.0,0.3201868188894655,0.0,1.0,0.4662344678552134,0.9999999999999996,350.0
353,1.0,1852.0,0.3197513812154696,0.0,1.0,0.4659827213822894,0.9999999999999996,351.0
354,1.0,1853.0,0.31931759434775114,0.0,1.0,0.4657312466270912,0.9999999999999996,352.0
355,1.0,1854.0,0.3188854489164087,1.0,1.0,0.46601941747572817,0.9999999999999996,353.0
356,1.0,1855.0,0.3184549356223176,0.0,1.0,0.46576819407008085,0.9999999999999996,354.0
357,1.0,1856.0,0.31802604523646333,1.0,1.0,0.4660560344827586,0.9999999999999996,355.0
358,1.0,1857.0,0.31759876859928166,1.0,1.0,0.4663435648896069,0.9999999999999996,356.0
359,1.0,1858.0,0.3171730966200068,0.0,1.0,0.46609257265877285,0.9999999999999996,357.0
360,1.0,1859.0,0.3167490202760266,0.0,1.0,0.4658418504572351,0.9999999999999996,358.0
361,1.0,1860.0,0.3163265306122449,1.0,1.0,0.4661290322580645,0.9999999999999996,359.0
362,1.0,1861.0,0.31590561874045153,0.0,0.9999999999999944,0.4658785599140247,0.9999999999999996,360.0
363,1.0,1862.0,0.31548627583869876,0.0,1.0,0.4656283566058002,0.9999999999999996,361.0
364,1.0,1863.0,0.3150684931506849,0.0,0.9999999999999978,0.46537842190016104,0.9999999999999996,362.0
365,1.0,1864.0,0.3146522619851452,1.0,1.0,0.4656652360515021,0.9999999999999996,363.0
366,1.0,1865.0,0.3142375737152485,1.0,0.9999999999999876,0.46595174262734584,0.9999999999999996,364.0
367,1.0,1866.0,0.313824419778002,0.0,1.0,0.46570203644158625,0.9999999999999996,365.0
368,1.0,1867.0,0.31341279167366126,1.0,1.0,0.4659882163899304,0.9999999999999994,366.0
369,1.0,1868.0,0.31300268096514744,0.0,1.0,0.4657387580299786,0.9999999999999994,367.0
370,1.0,1869.0,0.3125940792774711,1.0,0.999999999999994,0.46602461209202783,0.9999999999999994,368.0
371,1.0,1870.0,0.3121869782971619,1.0,1.0,0.4663101604278075,0.9999999999999994,369.0
372,1.0,1871.0,0.31178136977170473,1.0,0.9999999999999889,0.4665954035275254,0.9999999999999994,370.0
373,1.0,1872.0,0.31137724550898205,0.0,1.0,0.46634615384615385,0.9999999999999994,371.0
374,1.0,1873.0,0.31097459737672256,1.0,1.0,0.46663107314468766,0.9999999999999994,372.0
375,1.0,1874.0,0.3105734173019556,1.0,1.0,0.46691568836712916,0.9999999999999992,373.0
376,1.0,1875.0,0.31017369727047145,1.0,1.0,0.4672,0.9999999999999992,374.0
377,1.0,1876.0,0.309775429326288,1.0,1.0,0.46748400852878463,0.9999999999999992,375.0
378,1.0,1877.0,0.30937860557112246,1.0,1.0,0.46776771443793286,0.9999999999999992,376.0
379,1.0,1878.0,0.3089832181638697,1.0,1.0,0.4680511182108626,0.9999999999999992,377.0
380,1.0,1879.0,0.3085892593200854,1.0,1.0,0.46833422032996275,0.9999999999999992,378.0
381,2.0,1881.0,0.30831011309621376,1.0,1.0,0.4688995215311005,0.9999999999999992,379.0
382,1.0,1882.0,0.3079188481675393,1.0,1.0,0.4691817215727949,0.9999999999999992,380.0
383,1.0,1883.0,0.30752898905765147,1.0,1.0,0.46946362187997875,0.9999999999999992,381.0
384,1.0,1884.0,0.30714052820345616,1.0,1.0,0.4697452229299363,0.9999999999999992,382.0
385,1.0,1885.0,0.306753458096013,1.0,1.0,0.470026525198939,0.9999999999999992,383.0
386,1.0,1886.0,0.306367771280052,1.0,1.0,0.47030752916224816,0.9999999999999992,384.0
387,1.0,1887.0,0.3059834603534944,1.0,1.0,0.47058823529411764,0.9999999999999992,385.0
388,1.0,1888.0,0.3056005179669796,1.0,1.0,0.4708686440677966,0.9999999999999992,386.0
389,1.0,1889.0,0.30521893682339635,1.0,1.0,0.471148755955532,0.9999999999999992,387.0
390,2.0,1891.0,0.30495081438477667,1.0,1.0,0.47170809095716554,0.9999999999999993,388.0
391,1.0,1892.0,0.304571796522859,1.0,1.0,0.47198731501057084,0.9999999999999993,389.0
392,1.0,1893.0,0.3041941185923188,1.0,1.0,0.4722662440570523,0.9999999999999993,390.0
393,1.0,1894.0,0.3038177735001604,1.0,1.0,0.47254487856388594,0.9999999999999993,391.0
394,1.0,1895.0,0.3034427542033627,1.0,1.0,0.47282321899736146,0.9999999999999993,392.0
395,1.0,1896.0,0.3030690537084399,1.0,1.0,0.47310126582278483,0.9999999999999993,393.0
396,1.0,1897.0,0.30269666507100684,1.0,0.999999999999998,0.47337901950448075,0.9999999999999993,394.0
397,1.0,1898.0,0.3023255813953488,1.0,1.0,0.47365648050579556,0.9999999999999993,395.0
398,1.0,1899.0,0.30195579583399584,1.0,1.0,0.47393364928909953,0.9999999999999993,396.0
399,1.0,1900.0,0.30158730158730157,1.0,0.9999999999999963,0.47421052631578947,0.9999999999999993,397.0
400,1.0,1901.0,0.30122009190302645,1.0,1.0,0.4744871120462914,0.9999999999999993,398.0
401,1.0,1902.0,0.30085416007592536,1.0,1.0,0.4747634069400631,0.9999999999999993,399.0
402,1.0,1903.0,0.3004894994473393,1.0,1.0,0.4750394114555964,0.9999999999999993,400.0
